,Artist,Position,Streams,Track Name,acousticness,analysis_url,danceability,duration_ms,energy,id,instrumentalness,key,liveness,loudness,mode,speechiness,tempo,time_signature,track_href,type,uri,valence
0,Moha La Squale,1,2035548,Ma belle,0.764,https://api.spotify.com/v1/audio-analysis/3Aq1SJ1hWlfazx8IIC6u1D,0.739,158276,0.656,3Aq1SJ1hWlfazx8IIC6u1D,4.09e-06,0,0.0896,-5.516,1,0.0578,82.011,4,https://api.spotify.com/v1/tracks/3Aq1SJ1hWlfazx8IIC6u1D,audio_features,spotify:track:3Aq1SJ1hWlfazx8IIC6u1D,0.47
1,Vegedream,2,1752859,Elle est bonne sa mère,0.329,https://api.spotify.com/v1/audio-analysis/7j56bK7gq6iV7zsD6lbP4J,0.787,196880,0.741,7j56bK7gq6iV7zsD6lbP4J,1.88e-05,4,0.341,-5.484,0,0.0592,105.0,4,https://api.spotify.com/v1/tracks/7j56bK7gq6iV7zsD6lbP4J,audio_features,spotify:track:7j56bK7gq6iV7zsD6lbP4J,0.466
2,DJ Snake,3,1732950,Loco Contigo (feat. J. Balvin & Tyga),0.276,https://api.spotify.com/v1/audio-analysis/6osaMSJh9NguagEDQcZaKx,0.823,185195,0.71,6osaMSJh9NguagEDQcZaKx,2.17e-06,6,0.152,-3.896,0,0.0688,96.024,4,https://api.spotify.com/v1/tracks/6osaMSJh9NguagEDQcZaKx,audio_features,spotify:track:6osaMSJh9NguagEDQcZaKx,0.376
3,Shawn Mendes,4,1538448,Señorita,0.0392,https://api.spotify.com/v1/audio-analysis/6v3KW9xbzN5yKLt9YKDYA2,0.759,190800,0.548,6v3KW9xbzN5yKLt9YKDYA2,0.0,9,0.0828,-6.049,0,0.029,116.967,4,https://api.spotify.com/v1/tracks/6v3KW9xbzN5yKLt9YKDYA2,audio_features,spotify:track:6v3KW9xbzN5yKLt9YKDYA2,0.749
4,Niska,5,1289092,Médicament,0.693,https://api.spotify.com/v1/audio-analysis/55mCsKCo4bPuYtZvHppp8z,0.665,198857,0.653,55mCsKCo4bPuYtZvHppp8z,0.0,6,0.0769,-6.686,0,0.0893,157.38,3,https://api.spotify.com/v1/tracks/55mCsKCo4bPuYtZvHppp8z,audio_features,spotify:track:55mCsKCo4bPuYtZvHppp8z,0.381
5,Lil Nas X,6,1258964,Old Town Road - Remix,0.0533,https://api.spotify.com/v1/audio-analysis/2YpeDb67231RjR0MgVLzsG,0.878,157067,0.619,2YpeDb67231RjR0MgVLzsG,0.0,6,0.113,-5.56,1,0.102,136.041,4,https://api.spotify.com/v1/tracks/2YpeDb67231RjR0MgVLzsG,audio_features,spotify:track:2YpeDb67231RjR0MgVLzsG,0.639
6,Nekfeu,7,1112446,Tricheur,0.407,https://api.spotify.com/v1/audio-analysis/7C7GtWZmyicqjBDbAWPsCp,0.758,248467,0.638,7C7GtWZmyicqjBDbAWPsCp,0.0,1,0.178,-7.984,0,0.253,137.981,4,https://api.spotify.com/v1/tracks/7C7GtWZmyicqjBDbAWPsCp,audio_features,spotify:track:7C7GtWZmyicqjBDbAWPsCp,0.188
7,PLK,8,1090022,Problèmes,0.387,https://api.spotify.com/v1/audio-analysis/5Q9gwUMjyhkgrQCB3EzIEZ,0.616,189340,0.568,5Q9gwUMjyhkgrQCB3EzIEZ,0.0,11,0.201,-8.942,0,0.0628,86.678,4,https://api.spotify.com/v1/tracks/5Q9gwUMjyhkgrQCB3EzIEZ,audio_features,spotify:track:5Q9gwUMjyhkgrQCB3EzIEZ,0.61
8,Dadju,9,999680,Compliqué,0.524,https://api.spotify.com/v1/audio-analysis/2On7uB8PN8JJmBNsms8unQ,0.536,213799,0.752,2On7uB8PN8JJmBNsms8unQ,0.0,1,0.196,-6.556,1,0.0586,76.217,4,https://api.spotify.com/v1/tracks/2On7uB8PN8JJmBNsms8unQ,audio_features,spotify:track:2On7uB8PN8JJmBNsms8unQ,0.939
9,Lefa,10,999586,Bitch (feat. Vald),0.602,https://api.spotify.com/v1/audio-analysis/65hdAdd1skq94ecWH4vfJI,0.783,235827,0.663,65hdAdd1skq94ecWH4vfJI,0.0,8,0.519,-7.884,0,0.312,75.046,4,https://api.spotify.com/v1/tracks/65hdAdd1skq94ecWH4vfJI,audio_features,spotify:track:65hdAdd1skq94ecWH4vfJI,0.58
10,Jul,11,990512,JCVD,0.479,https://api.spotify.com/v1/audio-analysis/10iesoGb4mCYTcur1QfdO9,0.847,194267,0.83,10iesoGb4mCYTcur1QfdO9,2.54e-06,7,0.068,-5.873,0,0.034,130.05,4,https://api.spotify.com/v1/tracks/10iesoGb4mCYTcur1QfdO9,audio_features,spotify:track:10iesoGb4mCYTcur1QfdO9,0.895
11,Niska,12,971522,Du lundi au lundi,0.298,https://api.spotify.com/v1/audio-analysis/2rJwZ2hpAm35mpqf5Ceuh9,0.818,164987,0.615,2rJwZ2hpAm35mpqf5Ceuh9,1.16e-05,2,0.0681,-6.791,1,0.253,130.918,4,https://api.spotify.com/v1/tracks/2rJwZ2hpAm35mpqf5Ceuh9,audio_features,spotify:track:2rJwZ2hpAm35mpqf5Ceuh9,0.398
12,Ninho,13,953028,Maman ne le sait pas (feat. Niska),0.399,https://api.spotify.com/v1/audio-analysis/5c2HadbVTsMKjja4gohEFI,0.755,203301,0.875,5c2HadbVTsMKjja4gohEFI,0.0,7,0.115,-5.944,0,0.193,145.008,4,https://api.spotify.com/v1/tracks/5c2HadbVTsMKjja4gohEFI,audio_features,spotify:track:5c2HadbVTsMKjja4gohEFI,0.393
13,Roméo Elvis,14,897314,Soleil,0.259,https://api.spotify.com/v1/audio-analysis/5SNfvgi4TUwx4Si0lFn3G2,0.702,172293,0.766,5SNfvgi4TUwx4Si0lFn3G2,0.0,4,0.174,-6.578,0,0.172,124.011,4,https://api.spotify.com/v1/tracks/5SNfvgi4TUwx4Si0lFn3G2,audio_features,spotify:track:5SNfvgi4TUwx4Si0lFn3G2,0.512
14,Koba LaD,15,879274,RR 9.1,0.0703,https://api.spotify.com/v1/audio-analysis/28fP6qcMGPfYOjrx8AOWFn,0.942,200507,0.564,28fP6qcMGPfYOjrx8AOWFn,0.0,2,0.078,-6.293,1,0.407,126.069,4,https://api.spotify.com/v1/tracks/28fP6qcMGPfYOjrx8AOWFn,audio_features,spotify:track:28fP6qcMGPfYOjrx8AOWFn,0.393
15,Niska,16,871551,Passa passa (#BooskaMechant),0.117,https://api.spotify.com/v1/audio-analysis/2AFEY781u68sON4BTSPJz4,0.748,182548,0.706,2AFEY781u68sON4BTSPJz4,0.0,1,0.0995,-5.524,1,0.251,150.035,4,https://api.spotify.com/v1/tracks/2AFEY781u68sON4BTSPJz4,audio_features,spotify:track:2AFEY781u68sON4BTSPJz4,0.168
16,Ed Sheeran,17,858864,I Don't Care (with Justin Bieber),0.0912,https://api.spotify.com/v1/audio-analysis/0hVXuCcriWRGvwMV1r5Yn9,0.798,219947,0.675,0hVXuCcriWRGvwMV1r5Yn9,0.0,6,0.0894,-5.041,1,0.0442,101.956,4,https://api.spotify.com/v1/tracks/0hVXuCcriWRGvwMV1r5Yn9,audio_features,spotify:track:0hVXuCcriWRGvwMV1r5Yn9,0.842
17,Leto,18,854765,Tes parents (feat. Ninho),0.256,https://api.spotify.com/v1/audio-analysis/0G0ZyEQyc3IBcRnYCvtTwb,0.833,214320,0.688,0G0ZyEQyc3IBcRnYCvtTwb,0.0,0,0.373,-7.3,0,0.245,125.022,4,https://api.spotify.com/v1/tracks/0G0ZyEQyc3IBcRnYCvtTwb,audio_features,spotify:track:0G0ZyEQyc3IBcRnYCvtTwb,0.534
18,Ninho,19,852479,La vie qu'on mène,0.687,https://api.spotify.com/v1/audio-analysis/0Jh6iWjna1wk5le0Ahn7No,0.8,193444,0.756,0Jh6iWjna1wk5le0Ahn7No,2.06e-06,7,0.111,-4.4,0,0.0367,113.204,3,https://api.spotify.com/v1/tracks/0Jh6iWjna1wk5le0Ahn7No,audio_features,spotify:track:0Jh6iWjna1wk5le0Ahn7No,0.456
19,MEDUZA,20,840305,Piece Of Your Heart,0.0404,https://api.spotify.com/v1/audio-analysis/1DFD5Fotzgn6yYXkYsKiGs,0.677,152913,0.744,1DFD5Fotzgn6yYXkYsKiGs,0.00016,10,0.074,-6.806,0,0.0295,124.08,4,https://api.spotify.com/v1/tracks/1DFD5Fotzgn6yYXkYsKiGs,audio_features,spotify:track:1DFD5Fotzgn6yYXkYsKiGs,0.631
20,Maître Gims,21,817957,Hola Señorita,0.386,https://api.spotify.com/v1/audio-analysis/5vLEmh5EolySKTvXsyWSOg,0.588,206853,0.796,5vLEmh5EolySKTvXsyWSOg,0.0,0,0.198,-3.945,0,0.262,192.128,4,https://api.spotify.com/v1/tracks/5vLEmh5EolySKTvXsyWSOg,audio_features,spotify:track:5vLEmh5EolySKTvXsyWSOg,0.546
21,Aya Nakamura,22,798269,Pookie,0.0691,https://api.spotify.com/v1/audio-analysis/2QpUWi6VSNOt2WyH5FIeLD,0.912,180840,0.596,2QpUWi6VSNOt2WyH5FIeLD,0.0,6,0.0891,-7.718,0,0.0898,98.003,4,https://api.spotify.com/v1/tracks/2QpUWi6VSNOt2WyH5FIeLD,audio_features,spotify:track:2QpUWi6VSNOt2WyH5FIeLD,0.532
22,Dosseh,23,789658,L'odeur du charbon,0.576,https://api.spotify.com/v1/audio-analysis/6atrzNHhWlXTolcIKAjSq2,0.813,220960,0.524,6atrzNHhWlXTolcIKAjSq2,0.0,0,0.24,-8.66,1,0.118,133.974,4,https://api.spotify.com/v1/tracks/6atrzNHhWlXTolcIKAjSq2,audio_features,spotify:track:6atrzNHhWlXTolcIKAjSq2,0.612
23,Martin Garrix,24,786858,Summer Days (feat. Macklemore & Patrick Stump of Fall Out Boy),0.179,https://api.spotify.com/v1/audio-analysis/40OMBMYRk5IQL6xCzGM0JA,0.661,163805,0.723,40OMBMYRk5IQL6xCzGM0JA,1.23e-05,5,0.14,-6.976,0,0.0566,113.778,4,https://api.spotify.com/v1/tracks/40OMBMYRk5IQL6xCzGM0JA,audio_features,spotify:track:40OMBMYRk5IQL6xCzGM0JA,0.316
24,Angèle,25,755453,Balance ton quoi,0.594,https://api.spotify.com/v1/audio-analysis/2jX5c5RFp0A9E1GDsvGxIa,0.703,189480,0.442,2jX5c5RFp0A9E1GDsvGxIa,2.39e-05,0,0.276,-10.383,1,0.0823,115.932,4,https://api.spotify.com/v1/tracks/2jX5c5RFp0A9E1GDsvGxIa,audio_features,spotify:track:2jX5c5RFp0A9E1GDsvGxIa,0.381
25,PNL,26,735807,Blanka,0.23,https://api.spotify.com/v1/audio-analysis/295SxdR1DqunCNwd0U767w,0.798,254218,0.564,295SxdR1DqunCNwd0U767w,1.83e-05,2,0.183,-5.98,1,0.047,108.004,4,https://api.spotify.com/v1/tracks/295SxdR1DqunCNwd0U767w,audio_features,spotify:track:295SxdR1DqunCNwd0U767w,0.394
26,Zola,27,728362,Papers (feat. Ninho),0.431,https://api.spotify.com/v1/audio-analysis/3vmoC735YdyvsrF0HtbmGn,0.896,173320,0.532,3vmoC735YdyvsrF0HtbmGn,1.35e-05,8,0.221,-6.823,1,0.257,133.904,4,https://api.spotify.com/v1/tracks/3vmoC735YdyvsrF0HtbmGn,audio_features,spotify:track:3vmoC735YdyvsrF0HtbmGn,0.614
27,Mabel,28,705021,Don't Call Me Up,0.296,https://api.spotify.com/v1/audio-analysis/5WHTFyqSii0lmT9R21abT8,0.674,178480,0.881,5WHTFyqSii0lmT9R21abT8,3.01e-06,9,0.0793,-2.853,1,0.147,98.994,4,https://api.spotify.com/v1/tracks/5WHTFyqSii0lmT9R21abT8,audio_features,spotify:track:5WHTFyqSii0lmT9R21abT8,0.234
28,PNL,29,704531,Au DD,0.293,https://api.spotify.com/v1/audio-analysis/5lCxlSBFyP5g4EhVypAoOu,0.777,247161,0.698,5lCxlSBFyP5g4EhVypAoOu,2.32e-05,6,0.0908,-7.706,0,0.0704,119.963,4,https://api.spotify.com/v1/tracks/5lCxlSBFyP5g4EhVypAoOu,audio_features,spotify:track:5lCxlSBFyP5g4EhVypAoOu,0.119
29,Ninho,30,702193,Goutte d’eau,0.647,https://api.spotify.com/v1/audio-analysis/0rQbvQpjQ6QeeCAnVRzokf,0.683,157184,0.693,0rQbvQpjQ6QeeCAnVRzokf,0.0,5,0.121,-6.441,0,0.127,137.826,4,https://api.spotify.com/v1/tracks/0rQbvQpjQ6QeeCAnVRzokf,audio_features,spotify:track:0rQbvQpjQ6QeeCAnVRzokf,0.322
30,Daddy Yankee,31,692225,Con Calma,0.11,https://api.spotify.com/v1/audio-analysis/5w9c2J52mkdntKOmRLeM2m,0.737,193227,0.86,5w9c2J52mkdntKOmRLeM2m,1.94e-06,8,0.0574,-2.652,0,0.0593,93.989,4,https://api.spotify.com/v1/tracks/5w9c2J52mkdntKOmRLeM2m,audio_features,spotify:track:5w9c2J52mkdntKOmRLeM2m,0.656
31,Booba,32,686997,GLAIVE,0.427,https://api.spotify.com/v1/audio-analysis/4kgHfnWMk3rK5upoZgJrFr,0.667,116178,0.825,4kgHfnWMk3rK5upoZgJrFr,0.0,9,0.297,-4.237,1,0.391,78.685,4,https://api.spotify.com/v1/tracks/4kgHfnWMk3rK5upoZgJrFr,audio_features,spotify:track:4kgHfnWMk3rK5upoZgJrFr,0.866
32,Nekfeu,33,655489,Dans l'univers,0.326,https://api.spotify.com/v1/audio-analysis/2PYXOG6GdxF9sUIH2NfOAD,0.64,244320,0.419,2PYXOG6GdxF9sUIH2NfOAD,0.000271,11,0.137,-9.962,1,0.168,131.936,4,https://api.spotify.com/v1/tracks/2PYXOG6GdxF9sUIH2NfOAD,audio_features,spotify:track:2PYXOG6GdxF9sUIH2NfOAD,0.202
33,Soolking,34,646011,Zemër,0.299,https://api.spotify.com/v1/audio-analysis/68av1mZz0VsIYXJWATZWUW,0.782,224713,0.864,68av1mZz0VsIYXJWATZWUW,0.0,11,0.0876,-2.918,0,0.053,156.989,4,https://api.spotify.com/v1/tracks/68av1mZz0VsIYXJWATZWUW,audio_features,spotify:track:68av1mZz0VsIYXJWATZWUW,0.941
34,Jul,35,619837,Tel Me,0.366,https://api.spotify.com/v1/audio-analysis/4ml7hnH3FtGeUDMhzVmnrj,0.841,199707,0.668,4ml7hnH3FtGeUDMhzVmnrj,1.28e-05,11,0.103,-6.802,0,0.16,73.991,4,https://api.spotify.com/v1/tracks/4ml7hnH3FtGeUDMhzVmnrj,audio_features,spotify:track:4ml7hnH3FtGeUDMhzVmnrj,0.736
35,Heuss L'enfoiré,36,616503,Aristocrate,0.268,https://api.spotify.com/v1/audio-analysis/7gNlaZaMIjRUfnAYd9Dvmt,0.935,169733,0.613,7gNlaZaMIjRUfnAYd9Dvmt,3.1e-06,1,0.0956,-6.241,0,0.0662,116.943,4,https://api.spotify.com/v1/tracks/7gNlaZaMIjRUfnAYd9Dvmt,audio_features,spotify:track:7gNlaZaMIjRUfnAYd9Dvmt,0.626
36,Ninho,37,606108,Putana,0.313,https://api.spotify.com/v1/audio-analysis/5oePa8PlOTPAlRaGs2OZ3A,0.717,184800,0.774,5oePa8PlOTPAlRaGs2OZ3A,0.0,2,0.129,-6.927,0,0.0515,103.849,4,https://api.spotify.com/v1/tracks/5oePa8PlOTPAlRaGs2OZ3A,audio_features,spotify:track:5oePa8PlOTPAlRaGs2OZ3A,0.511
37,Billie Eilish,38,591458,bad guy,0.328,https://api.spotify.com/v1/audio-analysis/2Fxmhks0bxGSBdJ92vM42m,0.701,194088,0.425,2Fxmhks0bxGSBdJ92vM42m,0.13,7,0.1,-10.965,1,0.375,135.128,4,https://api.spotify.com/v1/tracks/2Fxmhks0bxGSBdJ92vM42m,audio_features,spotify:track:2Fxmhks0bxGSBdJ92vM42m,0.562
38,Alec Benjamin,39,588537,Let Me Down Slowly,0.74,https://api.spotify.com/v1/audio-analysis/2qxmye6gAegTMjLKEBoR3d,0.652,169354,0.557,2qxmye6gAegTMjLKEBoR3d,0.0,1,0.124,-5.714,0,0.0318,150.073,4,https://api.spotify.com/v1/tracks/2qxmye6gAegTMjLKEBoR3d,audio_features,spotify:track:2qxmye6gAegTMjLKEBoR3d,0.483
39,Mahmood,40,584860,Soldi,0.0361,https://api.spotify.com/v1/audio-analysis/4szQkW1CDHqbRZGltXJdd3,0.729,195133,0.589,4szQkW1CDHqbRZGltXJdd3,0.0,3,0.305,-9.871,0,0.0483,95.065,4,https://api.spotify.com/v1/tracks/4szQkW1CDHqbRZGltXJdd3,audio_features,spotify:track:4szQkW1CDHqbRZGltXJdd3,0.349
40,Booba,41,579479,Arc-en-ciel,0.799,https://api.spotify.com/v1/audio-analysis/07qHCBBSRswIsfs0waYdjC,0.583,169846,0.418,07qHCBBSRswIsfs0waYdjC,0.0,5,0.109,-10.898,0,0.0451,129.915,4,https://api.spotify.com/v1/tracks/07qHCBBSRswIsfs0waYdjC,audio_features,spotify:track:07qHCBBSRswIsfs0waYdjC,0.357
41,Ozuna,42,576395,Baila Baila Baila,0.0361,https://api.spotify.com/v1/audio-analysis/7uH27oIt4a6cIFCA8ZPcyG,0.816,158400,0.754,7uH27oIt4a6cIFCA8ZPcyG,0.0,11,0.217,-2.75,0,0.111,99.966,4,https://api.spotify.com/v1/tracks/7uH27oIt4a6cIFCA8ZPcyG,audio_features,spotify:track:7uH27oIt4a6cIFCA8ZPcyG,0.533
42,Post Malone,43,574080,Goodbyes (Feat. Young Thug),0.447,https://api.spotify.com/v1/audio-analysis/6vBdBCoOhKHiYDDOcorfNo,0.58,174960,0.653,6vBdBCoOhKHiYDDOcorfNo,0.0,5,0.111,-3.818,1,0.0745,150.231,4,https://api.spotify.com/v1/tracks/6vBdBCoOhKHiYDDOcorfNo,audio_features,spotify:track:6vBdBCoOhKHiYDDOcorfNo,0.175
43,Dennis Lloyd,44,562206,Never Go Back,0.0135,https://api.spotify.com/v1/audio-analysis/2QrXzOqLCVDRZHkToA0tSR,0.421,175424,0.653,2QrXzOqLCVDRZHkToA0tSR,0.0,9,0.114,-4.85,0,0.398,78.6,4,https://api.spotify.com/v1/tracks/2QrXzOqLCVDRZHkToA0tSR,audio_features,spotify:track:2QrXzOqLCVDRZHkToA0tSR,0.733
44,100 Blaze,45,561116,Binks,0.334,https://api.spotify.com/v1/audio-analysis/1kX5NXQDQbvqhxvisCv1Ok,0.861,206760,0.636,1kX5NXQDQbvqhxvisCv1Ok,0.0,5,0.102,-6.713,1,0.0701,122.064,4,https://api.spotify.com/v1/tracks/1kX5NXQDQbvqhxvisCv1Ok,audio_features,spotify:track:1kX5NXQDQbvqhxvisCv1Ok,0.445
45,Angèle,46,559918,Flou,0.697,https://api.spotify.com/v1/audio-analysis/3b89BehicGUgc60pLBo092,0.682,196920,0.52,3b89BehicGUgc60pLBo092,5.44e-06,5,0.265,-9.623,0,0.0589,112.965,4,https://api.spotify.com/v1/tracks/3b89BehicGUgc60pLBo092,audio_features,spotify:track:3b89BehicGUgc60pLBo092,0.468
46,Lewis Capaldi,47,559708,Someone You Loved,0.751,https://api.spotify.com/v1/audio-analysis/7qEHsqek33rTcFNT9PFqLf,0.501,182161,0.405,7qEHsqek33rTcFNT9PFqLf,0.0,1,0.105,-5.679,1,0.0319,109.891,4,https://api.spotify.com/v1/tracks/7qEHsqek33rTcFNT9PFqLf,audio_features,spotify:track:7qEHsqek33rTcFNT9PFqLf,0.446
47,Koba LaD,48,559029,Quotidien,0.261,https://api.spotify.com/v1/audio-analysis/2abVYMtriZHHIDGFZFT5ij,0.827,194067,0.626,2abVYMtriZHHIDGFZFT5ij,0.0,7,0.193,-7.744,0,0.202,139.973,4,https://api.spotify.com/v1/tracks/2abVYMtriZHHIDGFZFT5ij,audio_features,spotify:track:2abVYMtriZHHIDGFZFT5ij,0.674
48,Kalash,49,553891,JTC,0.41,https://api.spotify.com/v1/audio-analysis/2IlBgMGbkKDfu7qveyT9AB,0.87,188415,0.503,2IlBgMGbkKDfu7qveyT9AB,0.0,0,0.301,-8.516,0,0.288,146.092,4,https://api.spotify.com/v1/tracks/2IlBgMGbkKDfu7qveyT9AB,audio_features,spotify:track:2IlBgMGbkKDfu7qveyT9AB,0.585
49,Kezah,50,536686,Mirador,0.225,https://api.spotify.com/v1/audio-analysis/4j5Bb0saeXmiz62XIZjcHj,0.832,168000,0.747,4j5Bb0saeXmiz62XIZjcHj,3.86e-06,1,0.0412,-4.957,0,0.052,99.986,4,https://api.spotify.com/v1/tracks/4j5Bb0saeXmiz62XIZjcHj,audio_features,spotify:track:4j5Bb0saeXmiz62XIZjcHj,0.789
50,Ariana Grande,51,506589,boyfriend (with Social House),0.119,https://api.spotify.com/v1/audio-analysis/0Ryd8975WihbObpp5cPW1t,0.4,186107,0.795,0Ryd8975WihbObpp5cPW1t,0.0,10,0.159,-3.731,0,0.461,190.097,4,https://api.spotify.com/v1/tracks/0Ryd8975WihbObpp5cPW1t,audio_features,spotify:track:0Ryd8975WihbObpp5cPW1t,0.702
51,Koba LaD,52,503009,Matin,0.423,https://api.spotify.com/v1/audio-analysis/3COpbW4W1Qab0ZqiHZxdjv,0.734,215880,0.588,3COpbW4W1Qab0ZqiHZxdjv,0.0,4,0.124,-8.345,0,0.234,124.128,4,https://api.spotify.com/v1/tracks/3COpbW4W1Qab0ZqiHZxdjv,audio_features,spotify:track:3COpbW4W1Qab0ZqiHZxdjv,0.581
52,Heuss L'enfoiré,53,492971,Les méchants,0.362,https://api.spotify.com/v1/audio-analysis/0r64LBR8RlnXcdd5HTFubd,0.675,192773,0.626,0r64LBR8RlnXcdd5HTFubd,0.0,6,0.0999,-5.648,0,0.303,192.011,4,https://api.spotify.com/v1/tracks/0r64LBR8RlnXcdd5HTFubd,audio_features,spotify:track:0r64LBR8RlnXcdd5HTFubd,0.512
53,Ed Sheeran,54,487338,Beautiful People (feat. Khalid),0.124,https://api.spotify.com/v1/audio-analysis/70eFcWOvlMObDhURTqT4Fv,0.64,197867,0.648,70eFcWOvlMObDhURTqT4Fv,0.0,5,0.0802,-8.113,0,0.187,92.977,4,https://api.spotify.com/v1/tracks/70eFcWOvlMObDhURTqT4Fv,audio_features,spotify:track:70eFcWOvlMObDhURTqT4Fv,0.548
54,R3HAB,55,470388,All Around The World (La La La),0.479,https://api.spotify.com/v1/audio-analysis/02itaCXOdC54J0ISjqqFAp,0.733,147840,0.859,02itaCXOdC54J0ISjqqFAp,0.0645,9,0.105,-5.03,0,0.033,124.948,4,https://api.spotify.com/v1/tracks/02itaCXOdC54J0ISjqqFAp,audio_features,spotify:track:02itaCXOdC54J0ISjqqFAp,0.52
55,Lomepal,56,454459,Trop beau,0.295,https://api.spotify.com/v1/audio-analysis/4WB9OeauHXnGOMUK4s80gM,0.748,244587,0.66,4WB9OeauHXnGOMUK4s80gM,5.56e-06,4,0.0883,-6.034,0,0.0404,123.902,4,https://api.spotify.com/v1/tracks/4WB9OeauHXnGOMUK4s80gM,audio_features,spotify:track:4WB9OeauHXnGOMUK4s80gM,0.324
56,Naps,57,452853,Rappelle-toi,0.474,https://api.spotify.com/v1/audio-analysis/6dgLDzgL0JYxFr3PjppsnS,0.862,191253,0.75,6dgLDzgL0JYxFr3PjppsnS,0.0,5,0.087,-7.267,0,0.0566,139.986,4,https://api.spotify.com/v1/tracks/6dgLDzgL0JYxFr3PjppsnS,audio_features,spotify:track:6dgLDzgL0JYxFr3PjppsnS,0.867
57,Lorenzo,58,452642,Damdamdeo,0.286,https://api.spotify.com/v1/audio-analysis/1vYIL16wtreegB3LmHpiav,0.932,185320,0.787,1vYIL16wtreegB3LmHpiav,0.0,6,0.0704,-7.096,1,0.137,138.146,4,https://api.spotify.com/v1/tracks/1vYIL16wtreegB3LmHpiav,audio_features,spotify:track:1vYIL16wtreegB3LmHpiav,0.741
58,Columbine,59,452618,C'est pas grave,0.188,https://api.spotify.com/v1/audio-analysis/7MPC1qtCR74fdc9jNdFHeH,0.747,161360,0.605,7MPC1qtCR74fdc9jNdFHeH,5.85e-06,0,0.1,-6.257,1,0.0733,99.955,4,https://api.spotify.com/v1/tracks/7MPC1qtCR74fdc9jNdFHeH,audio_features,spotify:track:7MPC1qtCR74fdc9jNdFHeH,0.473
59,Nekfeu,60,445064,Elle pleut,0.724,https://api.spotify.com/v1/audio-analysis/4kqsT3yDyJr1KZ2AkM9qfD,0.62,286520,0.375,4kqsT3yDyJr1KZ2AkM9qfD,2.86e-06,8,0.125,-11.064,1,0.455,92.641,4,https://api.spotify.com/v1/tracks/4kqsT3yDyJr1KZ2AkM9qfD,audio_features,spotify:track:4kqsT3yDyJr1KZ2AkM9qfD,0.226
60,Djadja & Dinaz,61,441177,Possédé,0.193,https://api.spotify.com/v1/audio-analysis/6g8Waa9vcFQP1FElldjfRr,0.73,269659,0.587,6g8Waa9vcFQP1FElldjfRr,0.0,4,0.0844,-6.972,0,0.0562,134.958,4,https://api.spotify.com/v1/tracks/6g8Waa9vcFQP1FElldjfRr,audio_features,spotify:track:6g8Waa9vcFQP1FElldjfRr,0.791
61,Nekfeu,62,439366,Cheum,0.273,https://api.spotify.com/v1/audio-analysis/5dkSQ8ExtSaS5diqiQosOk,0.872,196027,0.613,5dkSQ8ExtSaS5diqiQosOk,0.0,9,0.0818,-4.884,1,0.32,139.885,4,https://api.spotify.com/v1/tracks/5dkSQ8ExtSaS5diqiQosOk,audio_features,spotify:track:5dkSQ8ExtSaS5diqiQosOk,0.343
62,Heuss L'enfoiré,63,436416,Khapta,0.00937,https://api.spotify.com/v1/audio-analysis/6stxV2bl7xSiPUornxwyNR,0.811,162907,0.692,6stxV2bl7xSiPUornxwyNR,0.0,4,0.0598,-2.836,0,0.105,125.009,4,https://api.spotify.com/v1/tracks/6stxV2bl7xSiPUornxwyNR,audio_features,spotify:track:6stxV2bl7xSiPUornxwyNR,0.817
63,Y2K,64,435056,Lalala,0.181,https://api.spotify.com/v1/audio-analysis/51Fjme0JiitpyXKuyQiCDo,0.843,160627,0.391,51Fjme0JiitpyXKuyQiCDo,0.0,2,0.137,-7.899,1,0.0845,129.972,4,https://api.spotify.com/v1/tracks/51Fjme0JiitpyXKuyQiCDo,audio_features,spotify:track:51Fjme0JiitpyXKuyQiCDo,0.496
64,Dimitri Vegas & Like Mike,65,432143,Instagram,0.125,https://api.spotify.com/v1/audio-analysis/0U6bQIAh6MCGo1xjbIIx2S,0.765,184558,0.906,0U6bQIAh6MCGo1xjbIIx2S,0.0,8,0.423,-2.097,0,0.0965,96.071,4,https://api.spotify.com/v1/tracks/0U6bQIAh6MCGo1xjbIIx2S,audio_features,spotify:track:0U6bQIAh6MCGo1xjbIIx2S,0.95
65,OneRepublic,66,423613,Rescue Me,0.156,https://api.spotify.com/v1/audio-analysis/0mjAU3yKR1QnXnHtjGJqTM,0.759,158900,0.605,0mjAU3yKR1QnXnHtjGJqTM,0.0,7,0.694,-7.737,1,0.0433,121.049,4,https://api.spotify.com/v1/tracks/0mjAU3yKR1QnXnHtjGJqTM,audio_features,spotify:track:0mjAU3yKR1QnXnHtjGJqTM,0.64
66,Ed Sheeran,67,421381,South of the Border (feat. Camila Cabello & Cardi B),0.148,https://api.spotify.com/v1/audio-analysis/4vUmTMuQqjdnvlZmAH61Qk,0.857,204467,0.621,4vUmTMuQqjdnvlZmAH61Qk,0.0,9,0.0865,-6.376,0,0.0824,97.986,4,https://api.spotify.com/v1/tracks/4vUmTMuQqjdnvlZmAH61Qk,audio_features,spotify:track:4vUmTMuQqjdnvlZmAH61Qk,0.668
67,LUM!X,68,421282,Monster,0.0253,https://api.spotify.com/v1/audio-analysis/0YU17F0BlVXvmx5ytsR43w,0.83,154226,0.794,0YU17F0BlVXvmx5ytsR43w,0.0248,8,0.106,-6.279,0,0.432,128.16,4,https://api.spotify.com/v1/tracks/0YU17F0BlVXvmx5ytsR43w,audio_features,spotify:track:0YU17F0BlVXvmx5ytsR43w,0.607
68,Billie Eilish,69,419846,bad guy (with Justin Bieber),0.252,https://api.spotify.com/v1/audio-analysis/3yNZ5r3LKfdmjoS3gkhUCT,0.67,194840,0.453,3yNZ5r3LKfdmjoS3gkhUCT,0.33,0,0.117,-11.265,1,0.295,135.055,4,https://api.spotify.com/v1/tracks/3yNZ5r3LKfdmjoS3gkhUCT,audio_features,spotify:track:3yNZ5r3LKfdmjoS3gkhUCT,0.68
69,Alonzo,70,419024,C’est Elle,0.43,https://api.spotify.com/v1/audio-analysis/7gFue3UseWrimCsI1gdJIE,0.812,201333,0.607,7gFue3UseWrimCsI1gdJIE,0.0,7,0.144,-7.919,1,0.308,126.058,4,https://api.spotify.com/v1/tracks/7gFue3UseWrimCsI1gdJIE,audio_features,spotify:track:7gFue3UseWrimCsI1gdJIE,0.255
70,Maes,71,417984,Madrina,0.178,https://api.spotify.com/v1/audio-analysis/4miiqu2dxOhBguQDHtqssH,0.736,220213,0.797,4miiqu2dxOhBguQDHtqssH,0.0192,11,0.36,-5.168,0,0.0579,122.984,4,https://api.spotify.com/v1/tracks/4miiqu2dxOhBguQDHtqssH,audio_features,spotify:track:4miiqu2dxOhBguQDHtqssH,0.713
71,Soprano,72,417525,Le coach (feat. Vincenzo),0.157,https://api.spotify.com/v1/audio-analysis/1RighqmKZNqLP9rklJ4HCz,0.908,200187,0.801,1RighqmKZNqLP9rklJ4HCz,0.0,5,0.2,-4.828,0,0.21,128.073,4,https://api.spotify.com/v1/tracks/1RighqmKZNqLP9rklJ4HCz,audio_features,spotify:track:1RighqmKZNqLP9rklJ4HCz,0.858
72,Lil Nas X,73,416435,Old Town Road,0.0578,https://api.spotify.com/v1/audio-analysis/0F7FA14euOIX8KcbEturGH,0.907,113000,0.53,0F7FA14euOIX8KcbEturGH,2.23e-06,1,0.101,-6.112,1,0.127,135.998,4,https://api.spotify.com/v1/tracks/0F7FA14euOIX8KcbEturGH,audio_features,spotify:track:0F7FA14euOIX8KcbEturGH,0.507
73,Lil Tecca,74,413812,Ransom,0.0204,https://api.spotify.com/v1/audio-analysis/1kBbgxAUc4HQv7cgIayIDH,0.745,131280,0.642,1kBbgxAUc4HQv7cgIayIDH,0.0,7,0.0658,-6.257,0,0.287,179.974,4,https://api.spotify.com/v1/tracks/1kBbgxAUc4HQv7cgIayIDH,audio_features,spotify:track:1kBbgxAUc4HQv7cgIayIDH,0.226
74,Boulevard des Airs,75,413480,Allez reste (feat. Vianney),0.088,https://api.spotify.com/v1/audio-analysis/1QjKfNGfDuMiVuF8x7cj0R,0.788,188973,0.679,1QjKfNGfDuMiVuF8x7cj0R,0.000141,1,0.118,-7.013,1,0.141,119.036,4,https://api.spotify.com/v1/tracks/1QjKfNGfDuMiVuF8x7cj0R,audio_features,spotify:track:1QjKfNGfDuMiVuF8x7cj0R,0.536
75,Marwa Loud,76,412843,Oh la folle,0.391,https://api.spotify.com/v1/audio-analysis/5fW4TKcWuk4hgasD60JyZv,0.93,173184,0.655,5fW4TKcWuk4hgasD60JyZv,0.0,0,0.128,-5.218,1,0.056,122.031,4,https://api.spotify.com/v1/tracks/5fW4TKcWuk4hgasD60JyZv,audio_features,spotify:track:5fW4TKcWuk4hgasD60JyZv,0.777
76,DTF,77,406725,Me Gusta,0.438,https://api.spotify.com/v1/audio-analysis/3ezXlfmUHipr8A2pH3uNcQ,0.845,174667,0.697,3ezXlfmUHipr8A2pH3uNcQ,0.00362,6,0.114,-5.779,0,0.174,90.028,4,https://api.spotify.com/v1/tracks/3ezXlfmUHipr8A2pH3uNcQ,audio_features,spotify:track:3ezXlfmUHipr8A2pH3uNcQ,0.303
77,PNL,78,405988,MOWGLI II,0.747,https://api.spotify.com/v1/audio-analysis/1w2OwBeojIZI8hTI5WkMkV,0.729,225953,0.533,1w2OwBeojIZI8hTI5WkMkV,4.54e-06,9,0.0848,-10.104,0,0.444,155.999,4,https://api.spotify.com/v1/tracks/1w2OwBeojIZI8hTI5WkMkV,audio_features,spotify:track:1w2OwBeojIZI8hTI5WkMkV,0.422
78,SCH,79,405611,Haut standing,0.19,https://api.spotify.com/v1/audio-analysis/7iuIofLDxuD3BXmUmStKWR,0.781,168689,0.571,7iuIofLDxuD3BXmUmStKWR,4.54e-06,10,0.0922,-8.623,0,0.141,133.871,4,https://api.spotify.com/v1/tracks/7iuIofLDxuD3BXmUmStKWR,audio_features,spotify:track:7iuIofLDxuD3BXmUmStKWR,0.628
79,Anuel AA,80,403630,China,0.0846,https://api.spotify.com/v1/audio-analysis/2ksOAxtIxY8yElEWw8RhgK,0.786,301714,0.808,2ksOAxtIxY8yElEWw8RhgK,0.000289,7,0.0822,-3.702,1,0.0882,105.027,4,https://api.spotify.com/v1/tracks/2ksOAxtIxY8yElEWw8RhgK,audio_features,spotify:track:2ksOAxtIxY8yElEWw8RhgK,0.609
80,PNL,81,400055,Deux frères,0.143,https://api.spotify.com/v1/audio-analysis/6hzi3AGB39FjxFqcjgbWs7,0.794,247460,0.659,6hzi3AGB39FjxFqcjgbWs7,0.00224,7,0.0944,-7.063,0,0.0498,112.019,4,https://api.spotify.com/v1/tracks/6hzi3AGB39FjxFqcjgbWs7,audio_features,spotify:track:6hzi3AGB39FjxFqcjgbWs7,0.308
81,Gambi,82,398105,Hé oh,0.0684,https://api.spotify.com/v1/audio-analysis/1bWafkUCOp6luXRs1cm3w9,0.832,178416,0.591,1bWafkUCOp6luXRs1cm3w9,0.000368,7,0.196,-5.481,1,0.147,104.996,4,https://api.spotify.com/v1/tracks/1bWafkUCOp6luXRs1cm3w9,audio_features,spotify:track:1bWafkUCOp6luXRs1cm3w9,0.537
82,Pedro Capó,83,395083,Calma - Alan Walker Remix,0.0973,https://api.spotify.com/v1/audio-analysis/1aSarrHE1TK9vSmyozuo4K,0.811,193973,0.601,1aSarrHE1TK9vSmyozuo4K,0.0,2,0.059,-6.846,1,0.117,127.082,4,https://api.spotify.com/v1/tracks/1aSarrHE1TK9vSmyozuo4K,audio_features,spotify:track:1aSarrHE1TK9vSmyozuo4K,0.577
83,Maes,84,394069,Billets verts,0.658,https://api.spotify.com/v1/audio-analysis/3uTNli5uz5rNOqD6qZFi8L,0.664,169880,0.573,3uTNli5uz5rNOqD6qZFi8L,3.35e-06,1,0.129,-8.727,1,0.0825,154.043,4,https://api.spotify.com/v1/tracks/3uTNli5uz5rNOqD6qZFi8L,audio_features,spotify:track:3uTNli5uz5rNOqD6qZFi8L,0.39
84,Hös Copperfield,85,391933,Ma guapa,0.774,https://api.spotify.com/v1/audio-analysis/1pV9HAOC2RzQ9mtbykEkl1,0.621,206414,0.82,1pV9HAOC2RzQ9mtbykEkl1,0.00656,8,0.108,-8.827,0,0.569,191.993,4,https://api.spotify.com/v1/tracks/1pV9HAOC2RzQ9mtbykEkl1,audio_features,spotify:track:1pV9HAOC2RzQ9mtbykEkl1,0.618
85,Angèle,86,389473,Tout oublier,0.493,https://api.spotify.com/v1/audio-analysis/06O3hxudc6V0BOuoCFSy71,0.692,202120,0.542,06O3hxudc6V0BOuoCFSy71,2.75e-06,11,0.247,-7.9,0,0.197,105.005,4,https://api.spotify.com/v1/tracks/06O3hxudc6V0BOuoCFSy71,audio_features,spotify:track:06O3hxudc6V0BOuoCFSy71,0.285
86,Bramsito,87,381333,Sale mood,0.315,https://api.spotify.com/v1/audio-analysis/5TlGrvOMiAltKgRw3anXKo,0.682,217333,0.755,5TlGrvOMiAltKgRw3anXKo,0.0,11,0.244,-4.503,0,0.0581,159.94,4,https://api.spotify.com/v1/tracks/5TlGrvOMiAltKgRw3anXKo,audio_features,spotify:track:5TlGrvOMiAltKgRw3anXKo,0.766
87,Eva,88,377465,Jazz,0.0292,https://api.spotify.com/v1/audio-analysis/2cJb7E0M81nAKl4tkZS3v9,0.74,198960,0.572,2cJb7E0M81nAKl4tkZS3v9,0.0,6,0.0771,-6.537,0,0.0702,159.971,4,https://api.spotify.com/v1/tracks/2cJb7E0M81nAKl4tkZS3v9,audio_features,spotify:track:2cJb7E0M81nAKl4tkZS3v9,0.386
88,Shay,89,375392,Liquide,0.307,https://api.spotify.com/v1/audio-analysis/7tWc8HZfqJSZoK7uukmw8X,0.715,158295,0.626,7tWc8HZfqJSZoK7uukmw8X,0.0,1,0.116,-5.641,1,0.43,173.945,4,https://api.spotify.com/v1/tracks/7tWc8HZfqJSZoK7uukmw8X,audio_features,spotify:track:7tWc8HZfqJSZoK7uukmw8X,0.818
89,Bon Entendeur,90,374910,Le temps est bon,0.24,https://api.spotify.com/v1/audio-analysis/0xh5kFdNkx6h7K1z7XpDqX,0.56,203160,0.68,0xh5kFdNkx6h7K1z7XpDqX,3.54e-05,3,0.375,-5.681,1,0.0797,98.05,4,https://api.spotify.com/v1/tracks/0xh5kFdNkx6h7K1z7XpDqX,audio_features,spotify:track:0xh5kFdNkx6h7K1z7XpDqX,0.591
90,Lomepal,91,370807,1000°C,0.263,https://api.spotify.com/v1/audio-analysis/6l7PqWKsgm4NLomOE7Veou,0.706,235907,0.553,6l7PqWKsgm4NLomOE7Veou,3.44e-05,3,0.111,-8.056,0,0.112,102.996,4,https://api.spotify.com/v1/tracks/6l7PqWKsgm4NLomOE7Veou,audio_features,spotify:track:6l7PqWKsgm4NLomOE7Veou,0.392
91,Sam Smith,92,369208,How Do You Sleep?,0.153,https://api.spotify.com/v1/audio-analysis/6b2RcmUt1g9N9mQ3CbjX2Y,0.477,202205,0.682,6b2RcmUt1g9N9mQ3CbjX2Y,0.0,1,0.0763,-4.931,0,0.0925,110.567,5,https://api.spotify.com/v1/tracks/6b2RcmUt1g9N9mQ3CbjX2Y,audio_features,spotify:track:6b2RcmUt1g9N9mQ3CbjX2Y,0.345
92,Imagine Dragons,93,368509,Birds,0.0146,https://api.spotify.com/v1/audio-analysis/6Tvzf3VEi16JMhAgOwdt2y,0.649,219440,0.517,6Tvzf3VEi16JMhAgOwdt2y,1.63e-06,1,0.145,-7.428,0,0.0297,119.997,4,https://api.spotify.com/v1/tracks/6Tvzf3VEi16JMhAgOwdt2y,audio_features,spotify:track:6Tvzf3VEi16JMhAgOwdt2y,0.35
93,OBOY,94,368272,Je M'en Tape,0.015,https://api.spotify.com/v1/audio-analysis/4VMWKOG1q8nE4OHjqLHkZn,0.937,184067,0.49,4VMWKOG1q8nE4OHjqLHkZn,0.000193,1,0.104,-7.398,1,0.118,101.565,4,https://api.spotify.com/v1/tracks/4VMWKOG1q8nE4OHjqLHkZn,audio_features,spotify:track:4VMWKOG1q8nE4OHjqLHkZn,0.468
94,Hamza,95,366424,Clic clac (feat. 13 Block),0.0601,https://api.spotify.com/v1/audio-analysis/7znQW9RxQLTk0hvTWgIrgy,0.926,257713,0.442,7znQW9RxQLTk0hvTWgIrgy,0.0,8,0.0892,-9.595,1,0.0791,135.047,4,https://api.spotify.com/v1/tracks/7znQW9RxQLTk0hvTWgIrgy,audio_features,spotify:track:7znQW9RxQLTk0hvTWgIrgy,0.352
95,Ninho,96,354114,Kim Jong-il,0.0601,https://api.spotify.com/v1/audio-analysis/3kNdQLkHijBfHUJTZNy8vn,0.825,208027,0.699,3kNdQLkHijBfHUJTZNy8vn,0.0,1,0.173,-6.917,1,0.378,127.818,4,https://api.spotify.com/v1/tracks/3kNdQLkHijBfHUJTZNy8vn,audio_features,spotify:track:3kNdQLkHijBfHUJTZNy8vn,0.51
96,Maes,97,352002,NWR,0.352,https://api.spotify.com/v1/audio-analysis/4tWVLBZ3EiSqegpf4jBsei,0.702,198654,0.813,4tWVLBZ3EiSqegpf4jBsei,4.33e-06,3,0.0914,-6.238,0,0.045,157.002,4,https://api.spotify.com/v1/tracks/4tWVLBZ3EiSqegpf4jBsei,audio_features,spotify:track:4tWVLBZ3EiSqegpf4jBsei,0.761
97,Kygo,98,351309,Higher Love,0.0154,https://api.spotify.com/v1/audio-analysis/6oJ6le65B3SEqPwMRNXWjY,0.693,228267,0.678,6oJ6le65B3SEqPwMRNXWjY,6.05e-06,8,0.101,-7.159,1,0.0324,103.952,4,https://api.spotify.com/v1/tracks/6oJ6le65B3SEqPwMRNXWjY,audio_features,spotify:track:6oJ6le65B3SEqPwMRNXWjY,0.404
98,47ter,99,347896,Côte Ouest,0.56,https://api.spotify.com/v1/audio-analysis/5Q8gCS68FITJDiWnedMejb,0.749,233973,0.593,5Q8gCS68FITJDiWnedMejb,0.0,8,0.16,-7.96,1,0.144,76.032,4,https://api.spotify.com/v1/tracks/5Q8gCS68FITJDiWnedMejb,audio_features,spotify:track:5Q8gCS68FITJDiWnedMejb,0.613
99,Dinor rdt,100,347713,Massa (feat. Mister V),0.0944,https://api.spotify.com/v1/audio-analysis/3qSorwKiNvpqrT2PrQOUJs,0.967,175160,0.51,3qSorwKiNvpqrT2PrQOUJs,0.0,4,0.066,-9.138,1,0.283,125.989,4,https://api.spotify.com/v1/tracks/3qSorwKiNvpqrT2PrQOUJs,audio_features,spotify:track:3qSorwKiNvpqrT2PrQOUJs,0.807
100,PNL,101,345827,Comme pas deux,0.133,https://api.spotify.com/v1/audio-analysis/4NGcxBAtvLtbeizQul82iC,0.667,220837,0.629,4NGcxBAtvLtbeizQul82iC,0.00144,8,0.0957,-8.17,1,0.0403,118.976,4,https://api.spotify.com/v1/tracks/4NGcxBAtvLtbeizQul82iC,audio_features,spotify:track:4NGcxBAtvLtbeizQul82iC,0.308
101,Landy,102,344963,Muerte,0.244,https://api.spotify.com/v1/audio-analysis/2ekO98VdclK2zGYJYPixcv,0.757,195093,0.722,2ekO98VdclK2zGYJYPixcv,0.0,5,0.118,-5.397,0,0.101,90.948,4,https://api.spotify.com/v1/tracks/2ekO98VdclK2zGYJYPixcv,audio_features,spotify:track:2ekO98VdclK2zGYJYPixcv,0.473
102,Eva,103,344525,Alibi,0.0934,https://api.spotify.com/v1/audio-analysis/3xpMaHXEDMGxukixMcbfxD,0.896,185453,0.729,3xpMaHXEDMGxukixMcbfxD,0.0,4,0.0747,-4.053,0,0.179,100.086,4,https://api.spotify.com/v1/tracks/3xpMaHXEDMGxukixMcbfxD,audio_features,spotify:track:3xpMaHXEDMGxukixMcbfxD,0.445
103,PLK,104,343068,Dingue,0.149,https://api.spotify.com/v1/audio-analysis/4a4cTUsFiyPN8jaHt2xf18,0.676,177876,0.675,4a4cTUsFiyPN8jaHt2xf18,0.000116,8,0.307,-4.714,0,0.1,164.045,4,https://api.spotify.com/v1/tracks/4a4cTUsFiyPN8jaHt2xf18,audio_features,spotify:track:4a4cTUsFiyPN8jaHt2xf18,0.718
104,Lady Gaga,105,341020,Shallow,0.371,https://api.spotify.com/v1/audio-analysis/2VxeLyX666F8uXCJ0dZF8B,0.572,215733,0.385,2VxeLyX666F8uXCJ0dZF8B,0.0,7,0.231,-6.362,1,0.0308,95.799,4,https://api.spotify.com/v1/tracks/2VxeLyX666F8uXCJ0dZF8B,audio_features,spotify:track:2VxeLyX666F8uXCJ0dZF8B,0.323
105,Dosseh,106,339489,Canal,0.199,https://api.spotify.com/v1/audio-analysis/4ue5wBIDNJelqiHkm1aMWi,0.851,186360,0.65,4ue5wBIDNJelqiHkm1aMWi,0.0,6,0.295,-5.652,1,0.237,127.019,4,https://api.spotify.com/v1/tracks/4ue5wBIDNJelqiHkm1aMWi,audio_features,spotify:track:4ue5wBIDNJelqiHkm1aMWi,0.651
106,Trois Cafés Gourmands,107,336632,À nos souvenirs,0.305,https://api.spotify.com/v1/audio-analysis/4h3SqMd5F16XJVdGp5fsZG,0.676,192990,0.856,4h3SqMd5F16XJVdGp5fsZG,0.0,1,0.0955,-4.609,0,0.134,133.847,4,https://api.spotify.com/v1/tracks/4h3SqMd5F16XJVdGp5fsZG,audio_features,spotify:track:4h3SqMd5F16XJVdGp5fsZG,0.455
107,Gavin James,108,336088,Always (feat. Philippine),0.145,https://api.spotify.com/v1/audio-analysis/1j80giaNMxcv21p4F0282W,0.591,246000,0.404,1j80giaNMxcv21p4F0282W,0.0,4,0.121,-6.225,1,0.0303,123.012,4,https://api.spotify.com/v1/tracks/1j80giaNMxcv21p4F0282W,audio_features,spotify:track:1j80giaNMxcv21p4F0282W,0.158
108,Eva,109,335479,Kitoko,0.422,https://api.spotify.com/v1/audio-analysis/2XnjeLLa8kIgYUjNQuJ24v,0.835,185653,0.635,2XnjeLLa8kIgYUjNQuJ24v,0.0,11,0.0753,-4.63,0,0.103,116.112,4,https://api.spotify.com/v1/tracks/2XnjeLLa8kIgYUjNQuJ24v,audio_features,spotify:track:2XnjeLLa8kIgYUjNQuJ24v,0.644
109,DJ Snake,110,330289,"Taki Taki (feat. Selena Gomez, Ozuna & Cardi B)",0.157,https://api.spotify.com/v1/audio-analysis/0KoiMHhqKLoL4xM54rcWYY,0.842,212500,0.801,0KoiMHhqKLoL4xM54rcWYY,4.82e-06,8,0.0642,-4.167,0,0.228,95.881,4,https://api.spotify.com/v1/tracks/0KoiMHhqKLoL4xM54rcWYY,audio_features,spotify:track:0KoiMHhqKLoL4xM54rcWYY,0.617
110,Chily,111,327057,San Pellegrino,0.171,https://api.spotify.com/v1/audio-analysis/30Mqfip5b5lCDpCLRvsrTq,0.729,200120,0.715,30Mqfip5b5lCDpCLRvsrTq,0.0,6,0.282,-5.58,0,0.264,139.934,4,https://api.spotify.com/v1/tracks/30Mqfip5b5lCDpCLRvsrTq,audio_features,spotify:track:30Mqfip5b5lCDpCLRvsrTq,0.45
111,PNL,112,326090,91's,0.277,https://api.spotify.com/v1/audio-analysis/4LAGHmHcSt0HHwXCJcFri6,0.779,233597,0.705,4LAGHmHcSt0HHwXCJcFri6,0.0,4,0.0804,-7.834,0,0.0827,103.048,4,https://api.spotify.com/v1/tracks/4LAGHmHcSt0HHwXCJcFri6,audio_features,spotify:track:4LAGHmHcSt0HHwXCJcFri6,0.228
112,Jok'air,113,325353,Las Vegas,0.147,https://api.spotify.com/v1/audio-analysis/6L2bXG181V9k56XS167r1P,0.603,256716,0.761,6L2bXG181V9k56XS167r1P,0.0,10,0.11,-5.389,0,0.176,170.086,4,https://api.spotify.com/v1/tracks/6L2bXG181V9k56XS167r1P,audio_features,spotify:track:6L2bXG181V9k56XS167r1P,0.616
113,Bigflo & Oli,114,324605,Promesses,0.738,https://api.spotify.com/v1/audio-analysis/5qkUZ9gfkILxc135ZOMx1O,0.812,222347,0.703,5qkUZ9gfkILxc135ZOMx1O,0.0,2,0.0833,-9.1,0,0.283,90.003,4,https://api.spotify.com/v1/tracks/5qkUZ9gfkILxc135ZOMx1O,audio_features,spotify:track:5qkUZ9gfkILxc135ZOMx1O,0.506
114,Therapie TAXI,115,322024,Hit Sale (feat. Roméo Elvis),0.141,https://api.spotify.com/v1/audio-analysis/3yndKI4zWEyC36BQYrdKBA,0.573,184400,0.784,3yndKI4zWEyC36BQYrdKBA,0.0,9,0.0844,-5.224,1,0.0591,82.009,4,https://api.spotify.com/v1/tracks/3yndKI4zWEyC36BQYrdKBA,audio_features,spotify:track:3yndKI4zWEyC36BQYrdKBA,0.69
115,Jul,116,317889,Tokyo,0.647,https://api.spotify.com/v1/audio-analysis/7sYc9YXpzeM7UuuXLK88OA,0.745,211973,0.743,7sYc9YXpzeM7UuuXLK88OA,0.00302,6,0.0859,-5.699,1,0.0403,142.999,4,https://api.spotify.com/v1/tracks/7sYc9YXpzeM7UuuXLK88OA,audio_features,spotify:track:7sYc9YXpzeM7UuuXLK88OA,0.797
116,Damso,117,317804,Feu de bois,0.256,https://api.spotify.com/v1/audio-analysis/4L0Iwsk1s8cbdBcEgdm8K5,0.789,183307,0.633,4L0Iwsk1s8cbdBcEgdm8K5,1.31e-06,2,0.092,-6.269,1,0.0734,138.097,4,https://api.spotify.com/v1/tracks/4L0Iwsk1s8cbdBcEgdm8K5,audio_features,spotify:track:4L0Iwsk1s8cbdBcEgdm8K5,0.262
117,Jonas Brothers,118,317760,Only Human,0.108,https://api.spotify.com/v1/audio-analysis/0DiDStADDVh3SvAsoJAFMk,0.795,183000,0.496,0DiDStADDVh3SvAsoJAFMk,0.0,0,0.0645,-5.883,1,0.0722,94.01,4,https://api.spotify.com/v1/tracks/0DiDStADDVh3SvAsoJAFMk,audio_features,spotify:track:0DiDStADDVh3SvAsoJAFMk,0.874
118,RK,119,314837,C'est mon sang,0.366,https://api.spotify.com/v1/audio-analysis/45tz0Mf66Nw7uSPdcOe1Qg,0.792,186918,0.713,45tz0Mf66Nw7uSPdcOe1Qg,0.0,8,0.237,-5.309,0,0.256,125.015,4,https://api.spotify.com/v1/tracks/45tz0Mf66Nw7uSPdcOe1Qg,audio_features,spotify:track:45tz0Mf66Nw7uSPdcOe1Qg,0.557
119,Ninho,120,312908,À Kinshasa (feat. Fally Ipupa),0.229,https://api.spotify.com/v1/audio-analysis/7bLy8fxBMroDuV0zxwGSn6,0.508,177806,0.768,7bLy8fxBMroDuV0zxwGSn6,0.0,10,0.11,-5.733,0,0.203,66.57,5,https://api.spotify.com/v1/tracks/7bLy8fxBMroDuV0zxwGSn6,audio_features,spotify:track:7bLy8fxBMroDuV0zxwGSn6,0.61
120,Niska,121,310679,Giuseppe,0.197,https://api.spotify.com/v1/audio-analysis/1XnPRxd67vVxzBCiGLXLxw,0.796,164093,0.731,1XnPRxd67vVxzBCiGLXLxw,0.0,1,0.264,-7.101,0,0.279,149.972,4,https://api.spotify.com/v1/tracks/1XnPRxd67vVxzBCiGLXLxw,audio_features,spotify:track:1XnPRxd67vVxzBCiGLXLxw,0.515
121,Pedro Capó,122,310028,Calma - Remix,0.323,https://api.spotify.com/v1/audio-analysis/5iwz1NiezX7WWjnCgY5TH4,0.826,238200,0.773,5iwz1NiezX7WWjnCgY5TH4,0.0,11,0.143,-4.218,0,0.0524,126.899,4,https://api.spotify.com/v1/tracks/5iwz1NiezX7WWjnCgY5TH4,audio_features,spotify:track:5iwz1NiezX7WWjnCgY5TH4,0.761
122,Shotas,123,308978,LVC,0.142,https://api.spotify.com/v1/audio-analysis/1RE1SDPjuilKM6tLIMxTtP,0.877,226772,0.379,1RE1SDPjuilKM6tLIMxTtP,0.0,2,0.0997,-11.875,1,0.385,126.95,4,https://api.spotify.com/v1/tracks/1RE1SDPjuilKM6tLIMxTtP,audio_features,spotify:track:1RE1SDPjuilKM6tLIMxTtP,0.466
123,Zola,124,306504,L1 L2,0.105,https://api.spotify.com/v1/audio-analysis/7ftimUupzPRi0m8z3WaXvw,0.965,147760,0.38,7ftimUupzPRi0m8z3WaXvw,0.0,6,0.0892,-9.191,0,0.451,125.051,4,https://api.spotify.com/v1/tracks/7ftimUupzPRi0m8z3WaXvw,audio_features,spotify:track:7ftimUupzPRi0m8z3WaXvw,0.712
124,PNL,125,305301,Hasta la vista,0.392,https://api.spotify.com/v1/audio-analysis/6YHnhfw8yMCx4vZvsgem3D,0.826,216285,0.76,6YHnhfw8yMCx4vZvsgem3D,0.0,11,0.132,-6.382,0,0.117,99.974,4,https://api.spotify.com/v1/tracks/6YHnhfw8yMCx4vZvsgem3D,audio_features,spotify:track:6YHnhfw8yMCx4vZvsgem3D,0.813
125,Jul,126,296052,Salvatrucha,0.498,https://api.spotify.com/v1/audio-analysis/6e7d2cSCiKESCPOyWsiQeT,0.897,192147,0.85,6e7d2cSCiKESCPOyWsiQeT,2.29e-06,11,0.0709,-6.036,0,0.314,146.005,4,https://api.spotify.com/v1/tracks/6e7d2cSCiKESCPOyWsiQeT,audio_features,spotify:track:6e7d2cSCiKESCPOyWsiQeT,0.911
126,Eva,127,294852,On Fleek,0.106,https://api.spotify.com/v1/audio-analysis/186HAeS1KdqhztQLq85C24,0.735,176719,0.771,186HAeS1KdqhztQLq85C24,0.0,4,0.296,-4.63,0,0.0976,97.015,4,https://api.spotify.com/v1/tracks/186HAeS1KdqhztQLq85C24,audio_features,spotify:track:186HAeS1KdqhztQLq85C24,0.64
127,Jul,128,294193,La bandite,0.666,https://api.spotify.com/v1/audio-analysis/0goer5e8B6SJaTV2B51k6f,0.845,160893,0.717,0goer5e8B6SJaTV2B51k6f,0.0,5,0.11,-6.771,0,0.211,122.491,4,https://api.spotify.com/v1/tracks/0goer5e8B6SJaTV2B51k6f,audio_features,spotify:track:0goer5e8B6SJaTV2B51k6f,0.686
128,Rim'K,129,293845,Air Max,0.26,https://api.spotify.com/v1/audio-analysis/0RTvfKVdkt10ATfJ8BjMEI,0.82,205867,0.591,0RTvfKVdkt10ATfJ8BjMEI,0.0,1,0.102,-7.338,1,0.459,141.888,4,https://api.spotify.com/v1/tracks/0RTvfKVdkt10ATfJ8BjMEI,audio_features,spotify:track:0RTvfKVdkt10ATfJ8BjMEI,0.551
129,Tiësto,130,293343,Ritual,0.157,https://api.spotify.com/v1/audio-analysis/3M9Apu4OZfylLTFKvgEtKa,0.647,198996,0.726,3M9Apu4OZfylLTFKvgEtKa,0.0,3,0.0844,-4.389,0,0.0552,114.996,4,https://api.spotify.com/v1/tracks/3M9Apu4OZfylLTFKvgEtKa,audio_features,spotify:track:3M9Apu4OZfylLTFKvgEtKa,0.767
130,4Keus,131,291655,En bas (feat. Siboy),0.244,https://api.spotify.com/v1/audio-analysis/0raZ9gl4gn6KEB0h93FxMk,0.837,233067,0.681,0raZ9gl4gn6KEB0h93FxMk,0.0,0,0.133,-6.581,0,0.082,122.01,4,https://api.spotify.com/v1/tracks/0raZ9gl4gn6KEB0h93FxMk,audio_features,spotify:track:0raZ9gl4gn6KEB0h93FxMk,0.512
131,Ninho,132,290176,Money (feat. Faouzia),0.603,https://api.spotify.com/v1/audio-analysis/1NUC8l1gq50VuHzmWRMA2G,0.735,192000,0.804,1NUC8l1gq50VuHzmWRMA2G,0.0,7,0.0707,-6.004,1,0.218,130.038,3,https://api.spotify.com/v1/tracks/1NUC8l1gq50VuHzmWRMA2G,audio_features,spotify:track:1NUC8l1gq50VuHzmWRMA2G,0.614
132,Lady Gaga,133,290097,Always Remember Us This Way,0.299,https://api.spotify.com/v1/audio-analysis/2rbDhOo9Fh61Bbu23T2qCk,0.553,210200,0.502,2rbDhOo9Fh61Bbu23T2qCk,0.0,0,0.764,-5.972,1,0.0409,129.976,4,https://api.spotify.com/v1/tracks/2rbDhOo9Fh61Bbu23T2qCk,audio_features,spotify:track:2rbDhOo9Fh61Bbu23T2qCk,0.296
133,Nekfeu,134,289702,Ken Kaneki,0.552,https://api.spotify.com/v1/audio-analysis/08QXSGwwI8Qu4IQEV3AfM6,0.697,162960,0.633,08QXSGwwI8Qu4IQEV3AfM6,0.0,7,0.128,-6.983,1,0.0793,139.074,4,https://api.spotify.com/v1/tracks/08QXSGwwI8Qu4IQEV3AfM6,audio_features,spotify:track:08QXSGwwI8Qu4IQEV3AfM6,0.716
134,Nekfeu,135,287611,Les étoiles vagabondes,0.36,https://api.spotify.com/v1/audio-analysis/01dqWNKgM2ujxu7HacaQwI,0.776,234053,0.469,01dqWNKgM2ujxu7HacaQwI,0.0,11,0.156,-6.375,0,0.423,79.968,4,https://api.spotify.com/v1/tracks/01dqWNKgM2ujxu7HacaQwI,audio_features,spotify:track:01dqWNKgM2ujxu7HacaQwI,0.445
135,Koba LaD,136,284532,Train de vie,0.216,https://api.spotify.com/v1/audio-analysis/6FqNHDHEsUTKqVWXBkMd9y,0.742,214520,0.641,6FqNHDHEsUTKqVWXBkMd9y,0.0,0,0.137,-5.585,0,0.124,146.139,4,https://api.spotify.com/v1/tracks/6FqNHDHEsUTKqVWXBkMd9y,audio_features,spotify:track:6FqNHDHEsUTKqVWXBkMd9y,0.418
136,Vegedream,137,281526,Ramenez la coupe à la maison,0.0358,https://api.spotify.com/v1/audio-analysis/1m0UFnuTktOkksvjbF9z0m,0.808,235556,0.661,1m0UFnuTktOkksvjbF9z0m,0.0,0,0.138,-6.237,0,0.0395,107.992,4,https://api.spotify.com/v1/tracks/1m0UFnuTktOkksvjbF9z0m,audio_features,spotify:track:1m0UFnuTktOkksvjbF9z0m,0.804
137,Alvaro Soler,138,281397,La Libertad,0.0149,https://api.spotify.com/v1/audio-analysis/3DsLBZjoU5AYxZXsepHtsW,0.676,192853,0.792,3DsLBZjoU5AYxZXsepHtsW,0.0,5,0.414,-4.594,0,0.0351,112.004,4,https://api.spotify.com/v1/tracks/3DsLBZjoU5AYxZXsepHtsW,audio_features,spotify:track:3DsLBZjoU5AYxZXsepHtsW,0.57
138,Vegedream,139,280934,Personne,0.238,https://api.spotify.com/v1/audio-analysis/0BRx5Gk5fpTqtgXMGAQ4rW,0.827,232307,0.746,0BRx5Gk5fpTqtgXMGAQ4rW,0.0,0,0.129,-5.273,0,0.0351,130.061,4,https://api.spotify.com/v1/tracks/0BRx5Gk5fpTqtgXMGAQ4rW,audio_features,spotify:track:0BRx5Gk5fpTqtgXMGAQ4rW,0.732
139,Aya Nakamura,140,280795,Copines,0.261,https://api.spotify.com/v1/audio-analysis/1Bhm5HNO1cq8olDbBmokyL,0.702,171720,0.786,1Bhm5HNO1cq8olDbBmokyL,0.0,8,0.105,-3.943,0,0.086,180.02,4,https://api.spotify.com/v1/tracks/1Bhm5HNO1cq8olDbBmokyL,audio_features,spotify:track:1Bhm5HNO1cq8olDbBmokyL,0.904
140,KeBlack,141,280672,Tchop,0.741,https://api.spotify.com/v1/audio-analysis/4J1Xsr38zb9BjM6QraKLqK,0.461,201656,0.43,4J1Xsr38zb9BjM6QraKLqK,0.0,0,0.109,-8.689,0,0.0453,101.152,4,https://api.spotify.com/v1/tracks/4J1Xsr38zb9BjM6QraKLqK,audio_features,spotify:track:4J1Xsr38zb9BjM6QraKLqK,0.738
141,Kpoint,142,279031,Ma 6t a craqué (feat. Ninho),0.473,https://api.spotify.com/v1/audio-analysis/2KtpMkc1TS1FMwy9FR0gCM,0.816,197597,0.684,2KtpMkc1TS1FMwy9FR0gCM,1.14e-06,11,0.137,-8.478,0,0.197,89.999,3,https://api.spotify.com/v1/tracks/2KtpMkc1TS1FMwy9FR0gCM,audio_features,spotify:track:2KtpMkc1TS1FMwy9FR0gCM,0.815
142,Koba LaD,143,277746,Cellophané,0.338,https://api.spotify.com/v1/audio-analysis/41Rp0dMSgO2QeguHANPsCD,0.769,203427,0.597,41Rp0dMSgO2QeguHANPsCD,0.0,11,0.0812,-7.515,0,0.265,142.026,4,https://api.spotify.com/v1/tracks/41Rp0dMSgO2QeguHANPsCD,audio_features,spotify:track:41Rp0dMSgO2QeguHANPsCD,0.74
143,Lil Nas X,144,277629,Panini,0.342,https://api.spotify.com/v1/audio-analysis/6fTt0CH2t0mdeB2N9XFG5r,0.703,114893,0.594,6fTt0CH2t0mdeB2N9XFG5r,0.0,5,0.123,-6.146,0,0.0752,153.848,4,https://api.spotify.com/v1/tracks/6fTt0CH2t0mdeB2N9XFG5r,audio_features,spotify:track:6fTt0CH2t0mdeB2N9XFG5r,0.475
144,Roméo Elvis,145,276717,Malade,0.49,https://api.spotify.com/v1/audio-analysis/35e7ckbWgHjHI9n3oL6jnd,0.669,191680,0.639,35e7ckbWgHjHI9n3oL6jnd,1.4e-06,0,0.106,-8.534,1,0.0498,99.604,4,https://api.spotify.com/v1/tracks/35e7ckbWgHjHI9n3oL6jnd,audio_features,spotify:track:35e7ckbWgHjHI9n3oL6jnd,0.286
145,Drake,146,276645,Money In The Grave (Drake ft. Rick Ross),0.101,https://api.spotify.com/v1/audio-analysis/5ry2OE6R2zPQFDO85XkgRb,0.831,205427,0.502,5ry2OE6R2zPQFDO85XkgRb,0.0,10,0.122,-4.045,0,0.046,100.541,4,https://api.spotify.com/v1/tracks/5ry2OE6R2zPQFDO85XkgRb,audio_features,spotify:track:5ry2OE6R2zPQFDO85XkgRb,0.101
146,RK,147,276628,Cataleya,0.632,https://api.spotify.com/v1/audio-analysis/4RPvjl3IcvOigNqrrpCmZa,0.646,202660,0.589,4RPvjl3IcvOigNqrrpCmZa,0.0,4,0.211,-7.067,0,0.199,176.093,4,https://api.spotify.com/v1/tracks/4RPvjl3IcvOigNqrrpCmZa,audio_features,spotify:track:4RPvjl3IcvOigNqrrpCmZa,0.783
147,Aya Nakamura,148,275998,Djadja,0.0612,https://api.spotify.com/v1/audio-analysis/7sKDftgGirHWTVFMtJoDoh,0.829,171133,0.796,7sKDftgGirHWTVFMtJoDoh,0.0,5,0.111,-5.428,1,0.11,97.976,4,https://api.spotify.com/v1/tracks/7sKDftgGirHWTVFMtJoDoh,audio_features,spotify:track:7sKDftgGirHWTVFMtJoDoh,0.551
148,CNCO,149,274035,Pretend,0.284,https://api.spotify.com/v1/audio-analysis/78Nyf6RlqBANlMhSnKyClT,0.68,200566,0.883,78Nyf6RlqBANlMhSnKyClT,0.0,11,0.14,-3.862,0,0.103,101.983,4,https://api.spotify.com/v1/tracks/78Nyf6RlqBANlMhSnKyClT,audio_features,spotify:track:78Nyf6RlqBANlMhSnKyClT,0.834
149,Ninho,150,273719,Jamais (feat. Dadju),0.492,https://api.spotify.com/v1/audio-analysis/6nIr35G9lVYMcuedV4NY2t,0.596,229123,0.709,6nIr35G9lVYMcuedV4NY2t,0.0,4,0.124,-6.256,0,0.319,94.162,4,https://api.spotify.com/v1/tracks/6nIr35G9lVYMcuedV4NY2t,audio_features,spotify:track:6nIr35G9lVYMcuedV4NY2t,0.333
150,Calvin Harris,151,273078,Giant (with Rag'n'Bone Man),0.016,https://api.spotify.com/v1/audio-analysis/5itOtNx0WxtJmi1TQ3RuRd,0.807,229184,0.887,5itOtNx0WxtJmi1TQ3RuRd,0.000503,1,0.0811,-4.311,0,0.0361,122.015,4,https://api.spotify.com/v1/tracks/5itOtNx0WxtJmi1TQ3RuRd,audio_features,spotify:track:5itOtNx0WxtJmi1TQ3RuRd,0.606
151,PLK,152,271202,Monégasque,0.416,https://api.spotify.com/v1/audio-analysis/52iVuTAP70Gy1Uy9xkr2No,0.722,203553,0.734,52iVuTAP70Gy1Uy9xkr2No,0.0,6,0.115,-4.583,1,0.231,74.883,4,https://api.spotify.com/v1/tracks/52iVuTAP70Gy1Uy9xkr2No,audio_features,spotify:track:52iVuTAP70Gy1Uy9xkr2No,0.612
152,Bolémvn,153,270378,Sankhara #3 (Lamelle),0.364,https://api.spotify.com/v1/audio-analysis/5nWGM6krCuZVsN9DodMVSE,0.808,217785,0.683,5nWGM6krCuZVsN9DodMVSE,0.0,7,0.306,-7.062,0,0.268,125.061,4,https://api.spotify.com/v1/tracks/5nWGM6krCuZVsN9DodMVSE,audio_features,spotify:track:5nWGM6krCuZVsN9DodMVSE,0.638
153,Leto,154,270120,A&H,0.295,https://api.spotify.com/v1/audio-analysis/1pLlehxX4GfSzGNgqDiTDo,0.618,190693,0.495,1pLlehxX4GfSzGNgqDiTDo,1.74e-06,5,0.108,-10.011,0,0.29,133.753,4,https://api.spotify.com/v1/tracks/1pLlehxX4GfSzGNgqDiTDo,audio_features,spotify:track:1pLlehxX4GfSzGNgqDiTDo,0.267
154,PLK,155,266836,Émotif (Booska 1H),0.564,https://api.spotify.com/v1/audio-analysis/1O2mX6MrjsJlkCGEF0TVWL,0.891,161737,0.749,1O2mX6MrjsJlkCGEF0TVWL,0.0,4,0.137,-4.761,0,0.071,133.994,4,https://api.spotify.com/v1/tracks/1O2mX6MrjsJlkCGEF0TVWL,audio_features,spotify:track:1O2mX6MrjsJlkCGEF0TVWL,0.865
155,Jonas Blue,156,265663,What I Like About You (feat. Theresa Rex),0.289,https://api.spotify.com/v1/audio-analysis/4NSW0Km5ZG60L8FthUebPJ,0.46,220396,0.8,4NSW0Km5ZG60L8FthUebPJ,6.16e-06,1,0.121,-3.584,1,0.05,102.46,4,https://api.spotify.com/v1/tracks/4NSW0Km5ZG60L8FthUebPJ,audio_features,spotify:track:4NSW0Km5ZG60L8FthUebPJ,0.553
156,Lomepal,157,262741,Mômes,0.456,https://api.spotify.com/v1/audio-analysis/2FRnrkO72S9tbqu6eLjq6b,0.687,176800,0.511,2FRnrkO72S9tbqu6eLjq6b,2.37e-06,0,0.116,-8.148,0,0.184,149.92,4,https://api.spotify.com/v1/tracks/2FRnrkO72S9tbqu6eLjq6b,audio_features,spotify:track:2FRnrkO72S9tbqu6eLjq6b,0.42
157,Nekfeu,158,261969,Alunissons,0.821,https://api.spotify.com/v1/audio-analysis/67bPDXCsUNsxyNnNg3jYGO,0.37,278333,0.328,67bPDXCsUNsxyNnNg3jYGO,0.000433,3,0.199,-11.58,0,0.0488,134.549,4,https://api.spotify.com/v1/tracks/67bPDXCsUNsxyNnNg3jYGO,audio_features,spotify:track:67bPDXCsUNsxyNnNg3jYGO,0.232
158,Bigflo & Oli,159,261795,Sur la lune,0.214,https://api.spotify.com/v1/audio-analysis/78iwevM29hXavHtX1sQekL,0.615,232800,0.657,78iwevM29hXavHtX1sQekL,7.94e-06,4,0.246,-8.993,1,0.145,89.594,4,https://api.spotify.com/v1/tracks/78iwevM29hXavHtX1sQekL,audio_features,spotify:track:78iwevM29hXavHtX1sQekL,0.378
159,Kaaris,160,261046,Gun salute,0.611,https://api.spotify.com/v1/audio-analysis/5UgUGPknu6JRgawaJAO9rX,0.862,209573,0.533,5UgUGPknu6JRgawaJAO9rX,2.26e-06,7,0.117,-5.96,0,0.115,119.956,4,https://api.spotify.com/v1/tracks/5UgUGPknu6JRgawaJAO9rX,audio_features,spotify:track:5UgUGPknu6JRgawaJAO9rX,0.257
160,Josman,161,260851,J'aime Bien!,0.697,https://api.spotify.com/v1/audio-analysis/7bg469g8qRoMwFQf6Vleh3,0.879,192000,0.576,7bg469g8qRoMwFQf6Vleh3,0.0,6,0.0879,-7.499,0,0.0438,119.978,4,https://api.spotify.com/v1/tracks/7bg469g8qRoMwFQf6Vleh3,audio_features,spotify:track:7bg469g8qRoMwFQf6Vleh3,0.217
161,Hiro,162,259631,A découvert,0.322,https://api.spotify.com/v1/audio-analysis/17NQSO5OECGGk6Pi9y7jM3,0.828,185669,0.54,17NQSO5OECGGk6Pi9y7jM3,0.0,7,0.176,-7.141,1,0.14,113.331,5,https://api.spotify.com/v1/tracks/17NQSO5OECGGk6Pi9y7jM3,audio_features,spotify:track:17NQSO5OECGGk6Pi9y7jM3,0.53
162,PNL,163,259564,Zoulou tchaing,0.653,https://api.spotify.com/v1/audio-analysis/1gRMO4h3NGb1ZJA7TNdMPj,0.656,325556,0.381,1gRMO4h3NGb1ZJA7TNdMPj,0.0,0,0.116,-8.757,0,0.0802,84.907,4,https://api.spotify.com/v1/tracks/1gRMO4h3NGb1ZJA7TNdMPj,audio_features,spotify:track:1gRMO4h3NGb1ZJA7TNdMPj,0.166
163,PNL,164,259552,A l'ammoniaque,0.4,https://api.spotify.com/v1/audio-analysis/1gVnckXtTdCoLwtiPPqlQS,0.592,316546,0.371,1gVnckXtTdCoLwtiPPqlQS,0.000367,9,0.0953,-9.965,0,0.0437,127.966,4,https://api.spotify.com/v1/tracks/1gVnckXtTdCoLwtiPPqlQS,audio_features,spotify:track:1gVnckXtTdCoLwtiPPqlQS,0.197
164,Ava Max,165,258396,Sweet but Psycho,0.0691,https://api.spotify.com/v1/audio-analysis/25sgk305KZfyuqVBQIahim,0.719,187436,0.704,25sgk305KZfyuqVBQIahim,0.0,1,0.166,-4.724,1,0.0476,133.002,4,https://api.spotify.com/v1/tracks/25sgk305KZfyuqVBQIahim,audio_features,spotify:track:25sgk305KZfyuqVBQIahim,0.628
165,Orelsan,166,258050,Rêves bizarres (feat. Damso),0.11,https://api.spotify.com/v1/audio-analysis/7lhuM9WUqdThw72dCBRmQW,0.816,212609,0.652,7lhuM9WUqdThw72dCBRmQW,0.0,10,0.0957,-6.157,0,0.231,143.995,4,https://api.spotify.com/v1/tracks/7lhuM9WUqdThw72dCBRmQW,audio_features,spotify:track:7lhuM9WUqdThw72dCBRmQW,0.736
166,Naza,167,257555,Vodka,0.26,https://api.spotify.com/v1/audio-analysis/0UgRJYESWGJG3yIsLZ2pH9,0.865,178998,0.716,0UgRJYESWGJG3yIsLZ2pH9,0.0,0,0.309,-6.885,1,0.0703,120.078,4,https://api.spotify.com/v1/tracks/0UgRJYESWGJG3yIsLZ2pH9,audio_features,spotify:track:0UgRJYESWGJG3yIsLZ2pH9,0.797
167,Ariana Grande,168,257043,7 rings,0.592,https://api.spotify.com/v1/audio-analysis/6ocbgoVGwYJhOv1GgI9NsF,0.778,178627,0.317,6ocbgoVGwYJhOv1GgI9NsF,0.0,1,0.0881,-10.732,0,0.334,140.048,4,https://api.spotify.com/v1/tracks/6ocbgoVGwYJhOv1GgI9NsF,audio_features,spotify:track:6ocbgoVGwYJhOv1GgI9NsF,0.327
168,PNL,169,253113,Chang,0.44,https://api.spotify.com/v1/audio-analysis/5n9NAd0Y5OUeOGU0nVtLua,0.745,314367,0.456,5n9NAd0Y5OUeOGU0nVtLua,0.0,8,0.072,-9.482,1,0.0874,94.032,4,https://api.spotify.com/v1/tracks/5n9NAd0Y5OUeOGU0nVtLua,audio_features,spotify:track:5n9NAd0Y5OUeOGU0nVtLua,0.124
169,Vladimir Cauchemar,170,252359,Elévation,0.078,https://api.spotify.com/v1/audio-analysis/2U2N1Jky3VTWJkb5lRam16,0.689,155728,0.929,2U2N1Jky3VTWJkb5lRam16,0.0,7,0.32,-4.76,1,0.277,123.011,4,https://api.spotify.com/v1/tracks/2U2N1Jky3VTWJkb5lRam16,audio_features,spotify:track:2U2N1Jky3VTWJkb5lRam16,0.57
170,Ninho,171,251605,Sans peine,0.0428,https://api.spotify.com/v1/audio-analysis/4smLSyGtyNJLPb9J1Iuwsb,0.789,157274,0.657,4smLSyGtyNJLPb9J1Iuwsb,0.0,1,0.093,-5.941,1,0.278,137.079,4,https://api.spotify.com/v1/tracks/4smLSyGtyNJLPb9J1Iuwsb,audio_features,spotify:track:4smLSyGtyNJLPb9J1Iuwsb,0.555
171,PNL,172,250864,Tahia,0.309,https://api.spotify.com/v1/audio-analysis/0vfB1HhL36tfV8q6LLKtgo,0.539,186353,0.487,0vfB1HhL36tfV8q6LLKtgo,0.0,1,0.097,-9.653,1,0.202,169.985,4,https://api.spotify.com/v1/tracks/0vfB1HhL36tfV8q6LLKtgo,audio_features,spotify:track:0vfB1HhL36tfV8q6LLKtgo,0.375
172,XXXTENTACION,173,249673,Moonlight,0.556,https://api.spotify.com/v1/audio-analysis/0JP9xo3adEtGSdUEISiszL,0.921,135090,0.537,0JP9xo3adEtGSdUEISiszL,0.00404,9,0.102,-5.723,0,0.0804,128.009,4,https://api.spotify.com/v1/tracks/0JP9xo3adEtGSdUEISiszL,audio_features,spotify:track:0JP9xo3adEtGSdUEISiszL,0.711
173,13 Block,174,248324,Petit cœur,0.571,https://api.spotify.com/v1/audio-analysis/79qwid3uZ7CgGQOvCNBsQQ,0.848,211720,0.562,79qwid3uZ7CgGQOvCNBsQQ,0.0,1,0.111,-8.454,1,0.161,119.918,4,https://api.spotify.com/v1/tracks/79qwid3uZ7CgGQOvCNBsQQ,audio_features,spotify:track:79qwid3uZ7CgGQOvCNBsQQ,0.53
174,Damso,175,247518,Θ. Macarena,0.209,https://api.spotify.com/v1/audio-analysis/2ewjMyCbNv2X1dB2qIDCwD,0.764,206840,0.545,2ewjMyCbNv2X1dB2qIDCwD,2.48e-06,2,0.0494,-8.204,1,0.0709,129.938,4,https://api.spotify.com/v1/tracks/2ewjMyCbNv2X1dB2qIDCwD,audio_features,spotify:track:2ewjMyCbNv2X1dB2qIDCwD,0.223
175,Larry,176,247144,Gaz,0.174,https://api.spotify.com/v1/audio-analysis/0br27hgKNVMLyXKS3qjLOu,0.924,209667,0.748,0br27hgKNVMLyXKS3qjLOu,0.0,2,0.207,-3.645,1,0.188,121.063,4,https://api.spotify.com/v1/tracks/0br27hgKNVMLyXKS3qjLOu,audio_features,spotify:track:0br27hgKNVMLyXKS3qjLOu,0.381
176,Vald,177,246701,Désaccordé,0.448,https://api.spotify.com/v1/audio-analysis/4ueL4j6iOPX23UG5VsvGrm,0.75,214827,0.496,4ueL4j6iOPX23UG5VsvGrm,0.0,1,0.116,-8.424,0,0.352,150.108,4,https://api.spotify.com/v1/tracks/4ueL4j6iOPX23UG5VsvGrm,audio_features,spotify:track:4ueL4j6iOPX23UG5VsvGrm,0.431
177,PNL,178,246208,Shenmue,0.0696,https://api.spotify.com/v1/audio-analysis/5gqh2FMBquUEwDsRUU4pCF,0.909,249598,0.582,5gqh2FMBquUEwDsRUU4pCF,4.78e-05,7,0.0984,-5.357,1,0.0665,126.063,4,https://api.spotify.com/v1/tracks/5gqh2FMBquUEwDsRUU4pCF,audio_features,spotify:track:5gqh2FMBquUEwDsRUU4pCF,0.844
178,Chris Brown,179,246183,No Guidance (feat. Drake),0.123,https://api.spotify.com/v1/audio-analysis/6XHVuErjQ4XNm6nDPVCxVX,0.698,260640,0.454,6XHVuErjQ4XNm6nDPVCxVX,0.0,1,0.155,-6.756,0,0.151,92.932,4,https://api.spotify.com/v1/tracks/6XHVuErjQ4XNm6nDPVCxVX,audio_features,spotify:track:6XHVuErjQ4XNm6nDPVCxVX,0.137
179,Ninho,180,244575,Jeune Lossa,0.67,https://api.spotify.com/v1/audio-analysis/1AaJX4YEeklJyRYisD10JT,0.746,217480,0.566,1AaJX4YEeklJyRYisD10JT,6.65e-05,3,0.121,-9.455,0,0.0669,135.043,4,https://api.spotify.com/v1/tracks/1AaJX4YEeklJyRYisD10JT,audio_features,spotify:track:1AaJX4YEeklJyRYisD10JT,0.485
180,Booba,181,244390,PGP,0.0567,https://api.spotify.com/v1/audio-analysis/38Eq6RgIxOdt4twqyVAPCn,0.803,167707,0.533,38Eq6RgIxOdt4twqyVAPCn,0.0323,7,0.281,-7.331,1,0.0656,141.996,4,https://api.spotify.com/v1/tracks/38Eq6RgIxOdt4twqyVAPCn,audio_features,spotify:track:38Eq6RgIxOdt4twqyVAPCn,0.255
181,Queen,182,243527,Bohemian Rhapsody - Remastered 2011,0.271,https://api.spotify.com/v1/audio-analysis/4u7EnebtmKWzUH433cf5Qv,0.414,354320,0.404,4u7EnebtmKWzUH433cf5Qv,0.0,0,0.3,-9.928,0,0.0499,71.105,4,https://api.spotify.com/v1/tracks/4u7EnebtmKWzUH433cf5Qv,audio_features,spotify:track:4u7EnebtmKWzUH433cf5Qv,0.224
182,Larry,183,242925,Sacoche,0.00885,https://api.spotify.com/v1/audio-analysis/4EWzghMNZsqi3xqdutlL1O,0.912,186747,0.678,4EWzghMNZsqi3xqdutlL1O,5.95e-06,10,0.265,-6.011,0,0.0703,130.028,4,https://api.spotify.com/v1/tracks/4EWzghMNZsqi3xqdutlL1O,audio_features,spotify:track:4EWzghMNZsqi3xqdutlL1O,0.654
183,M. Pokora,184,242539,Les planètes,0.332,https://api.spotify.com/v1/audio-analysis/5MYDvUdIBOCX3a42L85kM3,0.679,232667,0.697,5MYDvUdIBOCX3a42L85kM3,0.0013,6,0.133,-7.272,0,0.0637,90.974,4,https://api.spotify.com/v1/tracks/5MYDvUdIBOCX3a42L85kM3,audio_features,spotify:track:5MYDvUdIBOCX3a42L85kM3,0.528
184,Columbine,185,242043,Adieu bientôt,0.391,https://api.spotify.com/v1/audio-analysis/17y8kqTbNDd9QM3j6yln4g,0.793,211307,0.648,17y8kqTbNDd9QM3j6yln4g,0.0,8,0.101,-7.612,0,0.17,140.034,4,https://api.spotify.com/v1/tracks/17y8kqTbNDd9QM3j6yln4g,audio_features,spotify:track:17y8kqTbNDd9QM3j6yln4g,0.249
185,Kekra,186,241817,Vréalité,0.205,https://api.spotify.com/v1/audio-analysis/5cBeQ8Lw3rvHHzvTzQgCbH,0.696,214267,0.577,5cBeQ8Lw3rvHHzvTzQgCbH,3.29e-05,2,0.0996,-8.874,0,0.247,147.976,4,https://api.spotify.com/v1/tracks/5cBeQ8Lw3rvHHzvTzQgCbH,audio_features,spotify:track:5cBeQ8Lw3rvHHzvTzQgCbH,0.402
186,Panic! At The Disco,187,241563,High Hopes,0.193,https://api.spotify.com/v1/audio-analysis/1rqqCSm0Qe4I9rUvWncaom,0.579,190947,0.904,1rqqCSm0Qe4I9rUvWncaom,0.0,5,0.064,-2.729,1,0.0618,82.014,4,https://api.spotify.com/v1/tracks/1rqqCSm0Qe4I9rUvWncaom,audio_features,spotify:track:1rqqCSm0Qe4I9rUvWncaom,0.681
187,Zola,188,240561,7.65,0.53,https://api.spotify.com/v1/audio-analysis/1gP845NpcAZv4BqANMBGaj,0.924,177213,0.548,1gP845NpcAZv4BqANMBGaj,2.22e-05,7,0.118,-10.426,1,0.339,130.016,4,https://api.spotify.com/v1/tracks/1gP845NpcAZv4BqANMBGaj,audio_features,spotify:track:1gP845NpcAZv4BqANMBGaj,0.638
188,Nekfeu,189,240261,Voyage léger,0.264,https://api.spotify.com/v1/audio-analysis/5FJUbcs6V1sMuDNw0GM2NQ,0.75,202693,0.557,5FJUbcs6V1sMuDNw0GM2NQ,0.0,8,0.122,-7.878,0,0.233,119.968,4,https://api.spotify.com/v1/tracks/5FJUbcs6V1sMuDNw0GM2NQ,audio_features,spotify:track:5FJUbcs6V1sMuDNw0GM2NQ,0.137
189,Ninho,190,239926,Paris c'est magique,0.645,https://api.spotify.com/v1/audio-analysis/5gNZjp6r2TfC3uh9iopWxt,0.701,187399,0.731,5gNZjp6r2TfC3uh9iopWxt,0.0,5,0.116,-5.721,0,0.277,184.782,3,https://api.spotify.com/v1/tracks/5gNZjp6r2TfC3uh9iopWxt,audio_features,spotify:track:5gNZjp6r2TfC3uh9iopWxt,0.433
190,PNL,191,239661,La misère est si belle,0.451,https://api.spotify.com/v1/audio-analysis/1s3XtkdfT3obSCbQVWtvX9,0.803,304524,0.624,1s3XtkdfT3obSCbQVWtvX9,0.000734,7,0.1,-6.764,0,0.0477,95.968,4,https://api.spotify.com/v1/tracks/1s3XtkdfT3obSCbQVWtvX9,audio_features,spotify:track:1s3XtkdfT3obSCbQVWtvX9,0.628
191,L'Algérino,192,236538,Mention Max,0.168,https://api.spotify.com/v1/audio-analysis/5fmaky49ckF85XQ3Zjo0J8,0.931,202747,0.829,5fmaky49ckF85XQ3Zjo0J8,0.0,11,0.0964,-4.151,0,0.0549,114.969,4,https://api.spotify.com/v1/tracks/5fmaky49ckF85XQ3Zjo0J8,audio_features,spotify:track:5fmaky49ckF85XQ3Zjo0J8,0.825
192,Timal,193,235598,La 11,0.317,https://api.spotify.com/v1/audio-analysis/31nVueZPhJMVw1TR5HkquB,0.54,180785,0.709,31nVueZPhJMVw1TR5HkquB,0.0,7,0.269,-5.898,0,0.426,123.821,4,https://api.spotify.com/v1/tracks/31nVueZPhJMVw1TR5HkquB,audio_features,spotify:track:31nVueZPhJMVw1TR5HkquB,0.424
193,PNL,194,235220,Ryuk,0.4,https://api.spotify.com/v1/audio-analysis/2GZaEiqQ6QTo964loSzJEw,0.628,236408,0.572,2GZaEiqQ6QTo964loSzJEw,0.0687,0,0.178,-8.407,0,0.0478,121.942,4,https://api.spotify.com/v1/tracks/2GZaEiqQ6QTo964loSzJEw,audio_features,spotify:track:2GZaEiqQ6QTo964loSzJEw,0.223
194,Clara Luciani,195,232273,Nue,0.17,https://api.spotify.com/v1/audio-analysis/3rfDjFBGWeDW88inQfLzmm,0.707,184077,0.672,3rfDjFBGWeDW88inQfLzmm,0.0,9,0.101,-5.503,0,0.112,132.058,4,https://api.spotify.com/v1/tracks/3rfDjFBGWeDW88inQfLzmm,audio_features,spotify:track:3rfDjFBGWeDW88inQfLzmm,0.961
195,Nekfeu,196,230877,Menteur menteur,0.36,https://api.spotify.com/v1/audio-analysis/27MoaZnyF4chxovDTuIKol,0.864,225427,0.701,27MoaZnyF4chxovDTuIKol,0.0,8,0.105,-7.146,1,0.132,137.98,4,https://api.spotify.com/v1/tracks/27MoaZnyF4chxovDTuIKol,audio_features,spotify:track:27MoaZnyF4chxovDTuIKol,0.833
196,Dadju,197,230666,Jaloux,0.193,https://api.spotify.com/v1/audio-analysis/4z1gMvWV2ofN66kDuieHMq,0.558,233986,0.797,4z1gMvWV2ofN66kDuieHMq,0.0,8,0.399,-3.89,0,0.0739,139.992,4,https://api.spotify.com/v1/tracks/4z1gMvWV2ofN66kDuieHMq,audio_features,spotify:track:4z1gMvWV2ofN66kDuieHMq,0.368
197,Clara Luciani,198,230579,La grenade,0.138,https://api.spotify.com/v1/audio-analysis/7ixCRBD0FZMRBeOBhTu2KD,0.724,194493,0.697,7ixCRBD0FZMRBeOBhTu2KD,0.000717,11,0.126,-6.594,0,0.0539,130.014,4,https://api.spotify.com/v1/tracks/7ixCRBD0FZMRBeOBhTu2KD,audio_features,spotify:track:7ixCRBD0FZMRBeOBhTu2KD,0.961
198,The Avener,199,230036,Beautiful,0.124,https://api.spotify.com/v1/audio-analysis/0UOtMNhi7gTH2r9xnskmjc,0.785,189500,0.746,0UOtMNhi7gTH2r9xnskmjc,0.000382,9,0.35,-6.133,1,0.0351,123.019,4,https://api.spotify.com/v1/tracks/0UOtMNhi7gTH2r9xnskmjc,audio_features,spotify:track:0UOtMNhi7gTH2r9xnskmjc,0.682
199,PNL,200,230030,Bang,0.632,https://api.spotify.com/v1/audio-analysis/3fzuD5588k458917D1huVD,0.675,262934,0.46,3fzuD5588k458917D1huVD,0.0203,0,0.162,-9.06,0,0.053,114.97,4,https://api.spotify.com/v1/tracks/3fzuD5588k458917D1huVD,audio_features,spotify:track:3fzuD5588k458917D1huVD,0.272
